k,nbk,pk,type
1,14455,0.9621272630457934,fictive
2,519,0.03454472843450479,fictive
3,45,0.0029952076677316293,fictive
4,4,2.6624068157614486E-4,fictive
5,1,6.656017039403621E-5,fictive
1,14784,0.9760348583877996,real
2,304,0.02006998085429458,real
3,43,0.002838845976100878,real
4,8,5.281573909024889E-4,real
5,2,1.3203934772562222E-4,real
70,1,6.601967386281111E-5,real
6,1,6.601967386281111E-5,real
7,2,1.3203934772562222E-4,real
8,1,6.601967386281111E-5,real
11,1,6.601967386281111E-5,real
